{
    "restaurants": [
        {
            "name": "پیتزا ونک",
            "foods": [
                {
                    "id": 1,
                    "name": "پیتزا",
                    "price": 200
                },
                {
                    "id": 2,
                    "name": "سیب زمینی",
                    "price": 100
                }
            ],
            "rating": 4,
            "type": "fastFood",
            "image": "https://cdn.snappfood.ir/300x200/uploads/images/vendor-cover-app-review/4/04.jpg"
        },
        {
            "name": "رستوران دیگچه",
            "foods": [
                {
                    "id": 1,
                    "name": "چلو جوجه کباب",
                    "price": 200
                },
                {
                    "id": 2,
                    "name": "ته چین ویژه مرغ",
                    "price": 100
                }
            ],
            "type": "persian",
            "rating": 4.7,
            "image": "https://cdn.snappfood.ir/300x200/uploads/images/vendor-cover-app-review/2/09.jpg"
        },
        {
            "name": "اسپاخو",
            "foods": [
                {
                    "id": 1,
                    "name": "رست بیف",
                    "price": 200
                }
            ],
            "type": "fastFood",
            "rating": 4.2,
            "image": "https://cdn.snappfood.ir/300x200/cdn/vendor_sub_types/4/10.jpg"
        },
        {
            "name": "رستوران چلو مرغ و گوشت مفخم",
            "foods": [
                {
                    "id": 1,
                    "name": "رست بیف",
                    "price": 200
                }
            ],
            "type": "persian",
            "rating": 3.8,
            "image": "https://cdn.snappfood.ir/300x200/uploads/images/vendor-cover-app-review/2/52.jpg"
        },
        {
            "name": "پیتزا کنج",
            "foods": [
                {
                    "id": 1,
                    "name": "رست بیف",
                    "price": 200
                }
            ],
            "type": "fastFood",
            "rating": 3.5,
            "image": "https://cdn.snappfood.ir/300x200/uploads/images/vendor-cover-app-review/4/12.jpg"
        }
    ]
}